Haber Başlığı,Yayın Zamanı
Deprem yardımları nedeniyle Doğuş Grubu'na plaket,Bilinmiyor
"İstanbul’da kar aniden bastırdı, yol beyaza büründü",Bilinmiyor
Aslan'dan kupada farklı galibiyet: Morata siftah yaptı,Bilinmiyor
YKS başvuruekranı açıldı,Bilinmiyor
İşte deprem gerçeğinin en net kanıtı,Bilinmiyor
Sinan Ateş davasında eski cinayet büro amirine tahliye,Bilinmiyor
Namaza başlattığı iddia edilen kreme dev ceza,Bilinmiyor
Namaza başlattığı iddia edilen kreme dev ceza,Bilinmiyor
T.C. MENDERES 2. ASLİYE HUKUK MAHKEMESİ,Bilinmiyor
KOCAELİ BELEDİYESİ KENT KONUT İNŞAAT SAN. VE TİC. A.Ş,Bilinmiyor
T.C. UŞAK 2. SULH HUKUK MAHKEMESİNDEN,Bilinmiyor
YKS başvuruları bugün başlıyor,Bilinmiyor
268 hakim ve savcınıngörev yeri değişti,Bilinmiyor
CHP'de adaylık için üçlü toplantı,Bilinmiyor
Siteye yasa dışı bahis baskını: Çete iki daireyi üsse çevirmiş!,Bilinmiyor
İngiltere Merkez Bankası'ndan faiz indirimi,Bilinmiyor
T.C. BURDUR 1. ASLİYE HUKUK MAHKEMESİ,Bilinmiyor
RİZE 2. ASLİYE HUKUK MAHKEMESİNDEN,Bilinmiyor
T.C. KEŞAN 2. SULH HUKUK MAHKEMESİNDEN,Bilinmiyor
2025 Grammy Ödülleri'nde kırmızı halı şıklığı,Bilinmiyor
Derin kırışıklıklara yol açan 4 büyük hata: Harvardlı uzmanlar açıkladı,Bilinmiyor
"SAMDOB, Kanlı Düğün balesini sahneye taşıyor",Bilinmiyor
Suçlamalar artıyor: Rapçi Diddy hakkında yine dava açıldı,Bilinmiyor
Hafta sonu sevgiliyle yapılacak aktiviteler,Bilinmiyor
Mutlu bir ilişki için 5 altın kural,Bilinmiyor
Çöken her binada ibretlik dersler,Bilinmiyor
Dünya şampiyonu kick boksçudan felç eden dayak,Bilinmiyor
6 Şubat'ın ikinci yılı: NTV gün boyu özel yayında,Bilinmiyor
Hatay Meclis Binası ayağa kalkıyor,Bilinmiyor
Osmaniye’de 6 Şubat depremine ait yeni kamera kayıtları ve telsiz konuşmaları paylaşıldı,Bilinmiyor
AVM hırsızları 3 gün saklandıkları havalandırmada yakalandılar,Bilinmiyor
İstanbul'a beklenen kar geldi,Bilinmiyor
Yere dökülen erzakları toplayan kişiye valilik sahip çıktı,Bilinmiyor
"Belediye otobüsünde bayıldı, kapı açılınca asfalta düştü",Bilinmiyor
Dünya şampiyonu kick boksçudan felç eden dayak,Bilinmiyor
Yunanistan'da deprem fırtınası: Santorini Adası'nda toprak kaymaları,Bilinmiyor
"Belediye otobüsünde bayıldı, kapı açılınca asfalta düştü",Bilinmiyor
"Şanlıurfa'da katliam gibi kaza: 3 ölü, 26 yaralı",Bilinmiyor
Yunanistan'da deprem alarmı,Bilinmiyor
İlk kez NTV görüntüledi! Topkapı Sarayı'nda yeni dönem başlıyor,Bilinmiyor
"""Uzaklaştırma kararı var""",Bilinmiyor
Seyran intikam için hazır!,Bilinmiyor
Sinema rehberi: Hangi filmler vizyona girecek?,Bilinmiyor
Rapçi Kanye West'e otizm teşhisi konuldu,Bilinmiyor
Survivor'a veda: Kırıldığı isim kim?,Bilinmiyor
Fenerbahçe'de 3 sakatlık,Bilinmiyor
Spor yaparken içtiği enerji içeceği sonu oluyordu,Bilinmiyor
Haftada 6 yumurta yemenin mucizevi faydası,Bilinmiyor
MERSİN 2. AİLE MAHKEMESİNDEN,Bilinmiyor
T.C. ANKARA 27. ASLİYE CEZA MAHKEMESİ,Bilinmiyor
T.C. ANKARA 70. ASLİYE CEZA MAHKEMESİ,Bilinmiyor
T.C. TRABZON 1. SULH HUKUK MAHKEMESİNDEN,Bilinmiyor
T.C. KARACABEY 4. ASLİYE HUKUK MAHKEMESİNDEN,Bilinmiyor
T.C. GEBZE 14. ASLİYE CEZA MAHKEMESİ,Bilinmiyor
T.C. ZONGULDAK 2. ASLİYE HUKUK MAHKEMESİNDEN,Bilinmiyor
T.C. İSTANBUL ANADOLU 1. İCRA DAİRESİ,Bilinmiyor
T.C. GELİBOLU SULH HUKUK MAHKEMESİNDEN,Bilinmiyor
T.C. SORGUN SULH HUKUK MAHKEMESİNDEN,Bilinmiyor
T.C. NUSAYBİN ASLİYE HUKUK MAHKEMESİ,Bilinmiyor
İZMİR BANLİYÖ TAŞIMACILIĞI SİSTEMİ TİCARET A.Ş.,Bilinmiyor
T.C. BUCAK 3. ASLİYE HUKUK MAHKEMESİNDEN,Bilinmiyor
T.C. BİNGÖL 2. ASLİYE HUKUK MAHKEMESİ,Bilinmiyor
T.C. İSTANBUL 1. ÇOCUK MAHKEMESİNDEN,Bilinmiyor
BÜNYAN VERGİ DAİRESİ MÜDÜRLÜĞÜ,Bilinmiyor
T.C. KÜÇÜKÇEKMECE İCRA DAİRESİ,Bilinmiyor
T.C. BALA ASLİYE HUKUK MAHKEMESİ,Bilinmiyor
T.C. ANKARA 25. İŞ MAHKEMESİ,Bilinmiyor
ANKARA 21. AİLE MAHKEMESİNDEN,Bilinmiyor
GAZİOSMANPAŞA 25. ASLİYE CEZA MAHKEMESİ,Bilinmiyor
"Güvenlik endişeleri arttı: DeepSeek, verileri Çin'e mi aktarıyor?",Bilinmiyor
"Trump gözünü kararttı! ""İsrail Gazze'yi ABD'ye devredecek""",Bilinmiyor
Acı hala dinmedi! Kahramanmaraş depremlerinin 2'nci yılı,Bilinmiyor
